{
    "accuracy": 0.63,
    "precision": 0.6451612903225806,
    "recall": 0.43478260869565216,
    "auc": 0.6827697262479872
}